,id,first_name,last_name,party,district,state,total_votes,missed_votes,seniority,missed_votes_pct,votes_with_party_pct,State_Disct
0,A000374,Ralph,Abraham,R,5,LA,1212.0,18.0,4,1.49,96.98,LA-5
1,A000370,Alma,Adams,D,12,NC,1212.0,32.0,6,2.64,95.93,NC-12
2,A000055,Robert,Aderholt,R,4,AL,1212.0,50.0,22,4.13,96.9,AL-4
3,A000371,Pete,Aguilar,D,31,CA,1212.0,14.0,4,1.16,92.49,CA-31
4,A000372,Rick,Allen,R,12,GA,1212.0,16.0,4,1.32,97.91,GA-12
5,A000367,Justin,Amash,R,3,MI,1212.0,1.0,8,0.08,65.73,MI-3
6,A000369,Mark,Amodei,R,2,NV,1212.0,36.0,8,2.97,95.83,NV-2
7,A000375,Jodey,Arrington,R,19,TX,1212.0,32.0,2,2.64,98.56,TX-19
8,B001291,Brian,Babin,R,36,TX,1212.0,20.0,4,1.65,95.64,TX-36
9,B001298,Don,Bacon,R,2,NE,1212.0,1.0,2,0.08,96.2,NE-2
10,B001306,Troy,Balderson,R,12,OH,116.0,1.0,2,0.86,100.0,OH-12
11,B001299,Jim,Banks,R,3,IN,1212.0,5.0,2,0.41,96.77,IN-3
12,B001269,Lou,Barletta,R,11,PA,1212.0,139.0,8,11.47,95.15,PA-11
13,B001282,Andy,Barr,R,6,KY,1212.0,22.0,6,1.82,96.55,KY-6
14,B001300,Nanette,Barragán,D,44,CA,1212.0,31.0,2,2.56,94.5,CA-44
15,B000213,Joe,Barton,R,6,TX,1212.0,56.0,34,4.62,95.93,TX-6
16,B001270,Karen,Bass,D,37,CA,1212.0,104.0,8,8.58,93.41,CA-37
17,B001281,Joyce,Beatty,D,3,OH,1212.0,68.0,6,5.61,94.67,OH-3
18,B000287,Xavier,Becerra,D,34,CA,61.0,42.0,26,68.85,89.47,CA-34
19,B001287,Ami,Bera,D,7,CA,1212.0,1.0,6,0.08,90.75,CA-7
20,B001301,Jack,Bergman,R,1,MI,1212.0,12.0,2,0.99,93.5,MI-1
21,B001292,Donald,Beyer,D,8,VA,1212.0,58.0,4,4.79,94.02,VA-8
22,B001302,Andy,Biggs,R,5,AZ,1212.0,4.0,2,0.33,84.77,AZ-5
23,B001257,Gus,Bilirakis,R,12,FL,1212.0,53.0,14,4.37,97.84,FL-12
24,B000490,Sanford,Bishop,D,2,GA,1212.0,46.0,26,3.8,90.91,GA-2
25,B001293,Mike,Bishop,R,8,MI,1212.0,54.0,4,4.46,94.82,MI-8
26,B001250,Rob,Bishop,R,1,UT,1212.0,33.0,16,2.72,96.78,UT-1
27,B001273,Diane,Black,R,6,TN,1212.0,320.0,8,26.4,97.76,TN-6
28,B001243,Marsha,Blackburn,R,7,TN,1212.0,196.0,16,16.17,96.06,TN-7
29,B001294,Rod,Blum,R,1,IA,1212.0,67.0,4,5.53,89.69,IA-1
30,B000574,Earl,Blumenauer,D,3,OR,1212.0,73.0,24,6.02,92.19,OR-3
31,B001303,Lisa,Blunt Rochester,D,At-Large,DE,1212.0,19.0,2,1.57,95.05,DE-At-Large
32,B001278,Suzanne,Bonamici,D,1,OR,1212.0,7.0,8,0.58,93.28,OR-1
33,B001245,Madeleine,Bordallo,D,At-Large,GU,0.0,,16,,,GU-At-Large
34,B001295,Mike,Bost,R,12,IL,1212.0,7.0,4,0.58,92.78,IL-12
35,B001296,Brendan,Boyle,D,13,PA,1212.0,71.0,4,5.86,94.13,PA-13
36,B000755,Kevin,Brady,R,8,TX,1212.0,51.0,22,4.21,97.85,TX-8
37,B001227,Robert,Brady,D,1,PA,1212.0,92.0,22,7.59,94.91,PA-1
38,B001290,David,Brat,R,7,VA,1212.0,22.0,6,1.82,94.71,VA-7
39,B001283,Jim,Bridenstine,R,1,OK,859.0,328.0,6,38.18,96.61,OK-1
40,B001284,Susan,Brooks,R,5,IN,1212.0,15.0,6,1.24,96.91,IN-5
41,B001274,Mo,Brooks,R,5,AL,1212.0,76.0,8,6.27,90.14,AL-5
42,B001304,Anthony,Brown,D,4,MD,1212.0,53.0,2,4.37,94.48,MD-4
43,B001285,Julia,Brownley,D,26,CA,1212.0,29.0,6,2.39,93.74,CA-26
44,B001260,Vern,Buchanan,R,16,FL,1212.0,93.0,12,7.67,95.35,FL-16
45,B001297,Ken,Buck,R,4,CO,1212.0,30.0,4,2.48,90.61,CO-4
46,B001275,Larry,Bucshon,R,8,IN,1212.0,13.0,8,1.07,95.83,IN-8
47,B001305,Ted,Budd,R,13,NC,1212.0,7.0,2,0.58,95.52,NC-13
48,B001248,Michael,Burgess,R,26,TX,1212.0,23.0,16,1.9,93.94,TX-26
49,B001286,Cheri,Bustos,D,17,IL,1212.0,9.0,6,0.74,91.6,IL-17
50,B001251,G.,Butterfield,D,1,NC,1212.0,85.0,16,7.01,94.85,NC-1
51,B001289,Bradley,Byrne,R,1,AL,1212.0,8.0,6,0.66,97.76,AL-1
52,C000059,Ken,Calvert,R,42,CA,1212.0,12.0,26,0.99,97.25,CA-42
53,C001037,Michael,Capuano,D,7,MA,1212.0,81.0,20,6.68,93.72,MA-7
54,C001112,Salud,Carbajal,D,24,CA,1212.0,29.0,2,2.39,92.65,CA-24
55,C001097,Tony,Cárdenas,D,29,CA,1212.0,81.0,6,6.68,94.16,CA-29
56,C001072,André,Carson,D,7,IN,1212.0,33.0,12,2.72,93.89,IN-7
57,C001051,John,Carter,R,31,TX,1212.0,39.0,16,3.22,97.27,TX-31
58,C001103,Buddy,Carter,R,1,GA,1212.0,27.0,4,2.23,94.68,GA-1
59,C001090,Matt,Cartwright,D,17,PA,1212.0,12.0,6,0.99,93.67,PA-17
60,C001066,Kathy,Castor,D,14,FL,1212.0,43.0,12,3.55,94.87,FL-14
61,C001091,Joaquín,Castro,D,20,TX,1212.0,12.0,6,0.99,93.83,TX-20
62,C000266,Steven,Chabot,R,1,OH,1212.0,3.0,8,0.25,97.52,OH-1
63,C001076,Jason,Chaffetz,R,3,UT,344.0,45.0,10,13.08,98.33,UT-3
64,C001109,Liz,Cheney,R,At-Large,WY,1212.0,53.0,2,4.37,96.12,WY-At-Large
65,C001080,Judy,Chu,D,27,CA,1212.0,27.0,12,2.23,93.59,CA-27
66,C001084,David,Cicilline,D,1,RI,1212.0,23.0,8,1.9,94.87,RI-1
67,C001101,Katherine,Clark,D,5,MA,1212.0,31.0,6,2.56,95.09,MA-5
68,C001067,Yvette,Clarke,D,9,NY,1212.0,33.0,12,2.72,93.64,NY-9
69,C001049,William,Clay,D,1,MO,1212.0,59.0,18,4.87,94.02,MO-1
70,C001061,Emanuel,Cleaver,D,5,MO,1212.0,107.0,14,8.83,94.57,MO-5
71,C001115,Michael,Cloud,R,27,TX,186.0,0.0,2,0.0,95.16,TX-27
72,C000537,James,Clyburn,D,6,SC,1212.0,92.0,26,7.59,95.36,SC-6
73,C001077,Mike,Coffman,R,6,CO,1212.0,9.0,10,0.74,92.27,CO-6
74,C001068,Steve,Cohen,D,9,TN,1212.0,7.0,12,0.58,93.69,TN-9
75,C001053,Tom,Cole,R,4,OK,1212.0,25.0,16,2.06,95.62,OK-4
76,C001093,Doug,Collins,R,9,GA,1212.0,44.0,6,3.63,96.06,GA-9
77,C001092,Chris,Collins,R,27,NY,1212.0,42.0,6,3.47,96.84,NY-27
78,C001108,James,Comer,R,1,KY,1212.0,7.0,4,0.58,94.77,KY-1
79,C001105,Barbara,Comstock,R,10,VA,1212.0,78.0,4,6.44,94.89,VA-10
80,C001062,K.,Conaway,R,11,TX,1212.0,2.0,14,0.17,94.63,TX-11
81,C001078,Gerald,Connolly,D,11,VA,1212.0,10.0,10,0.83,94.18,VA-11
82,C000714,John,Conyers,D,13,MI,659.0,34.0,54,5.16,94.4,MI-13
83,C001094,Paul,Cook,R,8,CA,1212.0,2.0,6,0.17,95.87,CA-8
84,C000754,Jim,Cooper,D,5,TN,1212.0,6.0,16,0.5,87.15,TN-5
85,C001110,J.,Correa,D,46,CA,1212.0,6.0,2,0.5,88.89,CA-46
86,C001059,Jim,Costa,D,16,CA,1212.0,179.0,14,14.77,82.19,CA-16
87,C001106,Ryan,Costello,R,6,PA,1212.0,49.0,4,4.04,87.1,PA-6
88,C001069,Joe,Courtney,D,2,CT,1212.0,17.0,12,1.4,94.31,CT-2
89,C001096,Kevin,Cramer,R,At-Large,ND,1212.0,91.0,6,7.51,97.23,ND-At-Large
90,C001087,Rick,Crawford,R,1,AR,1212.0,45.0,8,3.71,97.86,AR-1
91,C001111,Charlie,Crist,D,13,FL,1212.0,53.0,2,4.37,90.51,FL-13
92,C001038,Joseph,Crowley,D,14,NY,1212.0,117.0,20,9.65,95.16,NY-14
93,C001063,Henry,Cuellar,D,28,TX,1212.0,19.0,14,1.57,80.39,TX-28
94,C001048,John,Culberson,R,7,TX,1212.0,31.0,18,2.56,97.46,TX-7
95,C000984,Elijah,Cummings,D,7,MD,1212.0,402.0,24,33.17,95.06,MD-7
96,C001107,Carlos,Curbelo,R,26,FL,1212.0,90.0,4,7.43,87.08,FL-26
97,C001114,John,Curtis,R,3,UT,587.0,10.0,2,1.7,97.4,UT-3
98,D000626,Warren,Davidson,R,8,OH,1212.0,11.0,4,0.91,93.76,OH-8
99,D000598,Susan,Davis,D,53,CA,1212.0,32.0,18,2.64,94.32,CA-53
100,D000619,Rodney,Davis,R,13,IL,1212.0,44.0,6,3.63,93.66,IL-13
101,D000096,Danny,Davis,D,7,IL,1212.0,170.0,22,14.03,94.43,IL-7
102,D000191,Peter,DeFazio,D,4,OR,1212.0,47.0,32,3.88,93.05,OR-4
103,D000197,Diana,DeGette,D,1,CO,1212.0,78.0,22,6.44,94.09,CO-1
104,D000620,John,Delaney,D,6,MD,1212.0,39.0,6,3.22,92.92,MD-6
105,D000216,Rosa,DeLauro,D,3,CT,1212.0,81.0,28,6.68,95.14,CT-3
106,D000617,Suzan,DelBene,D,1,WA,1212.0,2.0,8,0.17,93.64,WA-1
107,D000627,Val,Demings,D,10,FL,1212.0,17.0,2,1.4,94.39,FL-10
108,D000612,Jeffrey,Denham,R,10,CA,1212.0,80.0,8,6.6,91.52,CA-10
109,D000604,Charlie,Dent,R,15,PA,892.0,19.0,14,2.13,93.13,PA-15
110,D000621,Ron,DeSantis,R,6,FL,1105.0,116.0,6,10.5,93.63,FL-6
111,D000623,Mark,DeSaulnier,D,11,CA,1212.0,18.0,4,1.49,92.96,CA-11
112,D000616,Scott,DesJarlais,R,4,TN,1212.0,52.0,8,4.29,96.55,TN-4
113,D000610,Ted,Deutch,D,22,FL,1212.0,86.0,10,7.1,93.78,FL-22
114,D000600,Mario,Diaz-Balart,R,25,FL,1212.0,91.0,16,7.51,93.31,FL-25
115,D000624,Debbie,Dingell,D,12,MI,1212.0,13.0,4,1.07,95.91,MI-12
116,D000399,Lloyd,Doggett,D,35,TX,1212.0,22.0,24,1.82,94.12,TX-35
117,D000625,Daniel,Donovan,R,11,NY,1212.0,28.0,4,2.31,92.4,NY-11
118,D000482,Mike,Doyle,D,14,PA,1212.0,24.0,24,1.98,94.95,PA-14
119,D000614,Sean,Duffy,R,7,WI,1212.0,44.0,8,3.63,94.43,WI-7
120,D000533,John,Duncan,R,2,TN,1212.0,28.0,32,2.31,89.02,TN-2
121,D000615,Jeffrey,Duncan,R,3,SC,1212.0,91.0,8,7.51,94.47,SC-3
122,D000628,Neal,Dunn,R,2,FL,1212.0,28.0,2,2.31,97.89,FL-2
123,E000288,Keith,Ellison,D,5,MN,1212.0,210.0,12,17.33,91.82,MN-5
124,E000294,Tom,Emmer,R,6,MN,1212.0,13.0,4,1.07,94.33,MN-6
125,E000179,Eliot,Engel,D,16,NY,1212.0,61.0,30,5.03,94.09,NY-16
126,E000215,Anna,Eshoo,D,18,CA,1212.0,73.0,26,6.02,94.03,CA-18
127,E000297,Adriano,Espaillat,D,13,NY,1212.0,13.0,2,1.07,94.08,NY-13
128,E000298,Ron,Estes,R,4,KS,988.0,10.0,2,1.01,98.06,KS-4
129,E000293,Elizabeth,Esty,D,5,CT,1211.0,5.0,6,0.41,94.86,CT-5
130,E000296,Dwight,Evans,D,2,PA,1212.0,10.0,4,0.83,94.26,PA-2
131,F000460,Blake,Farenthold,R,27,TX,841.0,6.0,8,0.71,96.17,TX-27
132,F000464,John,Faso,R,19,NY,1212.0,8.0,2,0.66,88.87,NY-19
133,F000465,A.,Ferguson,R,3,GA,1212.0,6.0,2,0.5,97.84,GA-3
134,F000466,Brian,Fitzpatrick,R,8,PA,1212.0,4.0,2,0.33,81.04,PA-8
135,F000459,Chuck,Fleischmann,R,3,TN,1212.0,1.0,8,0.08,96.78,TN-3
136,F000461,Bill,Flores,R,17,TX,1212.0,30.0,8,2.48,94.75,TX-17
137,F000449,Jeff,Fortenberry,R,1,NE,1212.0,30.0,14,2.48,93.57,NE-1
138,F000454,Bill,Foster,D,11,IL,1212.0,26.0,6,2.15,93.42,IL-11
139,F000450,Virginia,Foxx,R,5,NC,1212.0,1.0,12,0.08,92.9,NC-5
140,F000462,Lois,Frankel,D,21,FL,1212.0,83.0,6,6.85,94.33,FL-21
141,F000448,Trent,Franks,R,8,AZ,673.0,25.0,16,3.71,95.06,AZ-8
142,F000372,Rodney,Frelinghuysen,R,11,NJ,1212.0,24.0,24,1.98,95.37,NJ-11
143,F000455,Marcia,Fudge,D,11,OH,1212.0,47.0,12,3.88,94.42,OH-11
144,G000571,Tulsi,Gabbard,D,2,HI,1212.0,68.0,6,5.61,92.22,HI-2
145,G000578,Matt,Gaetz,R,1,FL,1212.0,62.0,2,5.12,88.87,FL-1
146,G000579,Mike,Gallagher,R,8,WI,1212.0,16.0,2,1.32,92.39,WI-8
147,G000574,Ruben,Gallego,D,7,AZ,1212.0,32.0,4,2.64,94.24,AZ-7
148,G000559,John,Garamendi,D,3,CA,1212.0,51.0,10,4.21,92.94,CA-3
149,G000580,Thomas,Garrett,R,5,VA,1212.0,131.0,2,10.81,90.1,VA-5
150,G000584,Greg,Gianforte,R,At-Large,MT,899.0,10.0,2,1.11,96.06,MT-At-Large
151,G000563,Bob,Gibbs,R,7,OH,1212.0,8.0,8,0.66,96.51,OH-7
152,G000552,Louie,Gohmert,R,1,TX,1212.0,74.0,14,6.11,90.16,TX-1
153,G000585,Jimmy,Gomez,D,34,CA,865.0,26.0,2,3.01,93.92,CA-34
154,G000581,Vicente,Gonzalez,D,15,TX,1212.0,40.0,2,3.3,88.74,TX-15
155,G000582,Jenniffer,González-Colón,R,At-Large,PR,,,2,,,PR-At-Large
156,G000289,Robert,Goodlatte,R,6,VA,1212.0,23.0,26,1.9,97.39,VA-6
157,G000565,Paul,Gosar,R,4,AZ,1212.0,54.0,8,4.46,88.69,AZ-4
158,G000583,Josh,Gottheimer,D,5,NJ,1212.0,16.0,2,1.32,83.53,NJ-5
159,G000566,Trey,Gowdy,R,4,SC,1212.0,118.0,8,9.74,98.26,SC-4
160,G000377,Kay,Granger,R,12,TX,1212.0,73.0,22,6.02,97.63,TX-12
161,G000577,Garret,Graves,R,6,LA,1212.0,30.0,4,2.48,94.08,LA-6
162,G000546,Sam,Graves,R,6,MO,1212.0,93.0,18,7.67,93.83,MO-6
163,G000560,Tom,Graves,R,14,GA,1212.0,14.0,10,1.16,93.91,GA-14
164,G000553,Al,Green,D,9,TX,1212.0,23.0,14,1.9,94.37,TX-9
165,G000410,Gene,Green,D,29,TX,1212.0,61.0,26,5.03,90.44,TX-29
166,G000568,Morgan,Griffith,R,9,VA,1212.0,20.0,8,1.65,92.62,VA-9
167,G000551,Raúl,Grijalva,D,3,AZ,1212.0,89.0,16,7.34,95.01,AZ-3
168,G000576,Glenn,Grothman,R,6,WI,1212.0,35.0,4,2.89,93.8,WI-6
169,G000558,Brett,Guthrie,R,2,KY,1212.0,6.0,10,0.5,98.34,KY-2
170,G000535,Luis,Gutiérrez,D,4,IL,1212.0,268.0,26,22.11,92.69,IL-4
171,H001050,Colleen,Hanabusa,D,1,HI,1212.0,179.0,4,14.77,94.09,HI-1
172,H001078,Karen,Handel,R,6,GA,887.0,2.0,2,0.23,98.08,GA-6
173,H001045,Gregg,Harper,R,3,MS,1212.0,44.0,10,3.63,97.43,MS-3
174,H001052,Andy,Harris,R,1,MD,1212.0,32.0,8,2.64,93.56,MD-1
175,H001053,Vicky,Hartzler,R,4,MO,1212.0,32.0,8,2.64,96.36,MO-4
176,H000324,Alcee,Hastings,D,20,FL,1212.0,83.0,26,6.85,93.71,FL-20
177,H001064,Denny,Heck,D,10,WA,1212.0,3.0,6,0.25,93.47,WA-10
178,H001036,Jeb,Hensarling,R,5,TX,1212.0,17.0,16,1.4,97.32,TX-5
179,H001082,Kevin,Hern,R,1,OK,84.0,0.0,2,0.0,97.62,OK-1
180,H001056,Jaime,Herrera Beutler,R,3,WA,1212.0,15.0,8,1.24,92.06,WA-3
181,H001071,Jody,Hice,R,10,GA,1212.0,17.0,4,1.4,92.13,GA-10
182,H001038,Brian,Higgins,D,26,NY,1212.0,42.0,12,3.47,94.96,NY-26
183,H001077,Clay,Higgins,R,3,LA,1212.0,38.0,2,3.14,97.87,LA-3
184,H001072,French,Hill,R,2,AR,1212.0,14.0,4,1.16,95.49,AR-2
185,H001047,Jim,Himes,D,4,CT,1212.0,21.0,10,1.73,92.11,CT-4
186,H001065,George,Holding,R,2,NC,1212.0,31.0,6,2.56,94.33,NC-2
187,H001074,Trey,Hollingsworth,R,9,IN,1212.0,31.0,2,2.56,95.77,IN-9
188,H000874,Steny,Hoyer,D,5,MD,1212.0,61.0,38,5.03,95.66,MD-5
189,H001067,Richard,Hudson,R,8,NC,1212.0,80.0,6,6.6,93.73,NC-8
190,H001068,Jared,Huffman,D,2,CA,1212.0,66.0,6,5.45,92.15,CA-2
191,H001058,Bill,Huizenga,R,2,MI,1212.0,45.0,8,3.71,95.89,MI-2
192,H001059,Randy,Hultgren,R,14,IL,1212.0,70.0,8,5.78,97.2,IL-14
193,H001048,Duncan,Hunter,R,50,CA,1212.0,37.0,10,3.05,94.81,CA-50
194,H001073,Will,Hurd,R,23,TX,1212.0,26.0,4,2.15,93.17,TX-23
195,I000056,Darrell,Issa,R,49,CA,1212.0,102.0,18,8.42,96.04,CA-49
196,J000032,Sheila,Jackson Lee,D,18,TX,1212.0,36.0,24,2.97,93.71,TX-18
197,J000298,Pramila,Jayapal,D,7,WA,1212.0,23.0,2,1.9,93.44,WA-7
198,J000294,Hakeem,Jeffries,D,8,NY,1212.0,45.0,6,3.71,94.34,NY-8
199,J000297,Evan,Jenkins,R,3,WV,1127.0,92.0,4,8.16,91.69,WV-3
200,J000290,Lynn,Jenkins,R,2,KS,1212.0,117.0,10,9.65,94.25,KS-2
201,J000288,Hank,Johnson,D,4,GA,1212.0,41.0,12,3.38,92.91,GA-4
202,J000292,Bill,Johnson,R,6,OH,1212.0,17.0,8,1.4,94.14,OH-6
203,J000299,Mike,Johnson,R,4,LA,1212.0,23.0,2,1.9,96.8,LA-4
204,J000174,Sam,Johnson,R,3,TX,1212.0,182.0,28,15.02,97.67,TX-3
205,J000126,Eddie,Johnson,D,30,TX,1212.0,102.0,26,8.42,94.41,TX-30
206,J000255,Walter,Jones,R,3,NC,1212.0,231.0,24,19.06,60.86,NC-3
207,J000303,Brenda,Jones,D,13,MI,78.0,0.0,2,0.0,98.72,MI-13
208,J000289,Jim,Jordan,R,4,OH,1212.0,27.0,12,2.23,90.63,OH-4
209,J000295,Dave,Joyce,R,14,OH,1212.0,26.0,6,2.15,92.07,OH-14
210,K000009,Marcy,Kaptur,D,9,OH,1212.0,23.0,36,1.9,93.69,OH-9
211,K000386,John,Katko,R,24,NY,1212.0,38.0,4,3.14,88.59,NY-24
212,K000375,Bill,Keating,D,9,MA,1212.0,101.0,8,8.33,94.24,MA-9
213,K000388,Trent,Kelly,R,1,MS,1212.0,7.0,4,0.58,96.76,MS-1
214,K000376,Mike,Kelly,R,3,PA,1212.0,24.0,8,1.98,95.88,PA-3
215,K000385,Robin,Kelly,D,2,IL,1212.0,38.0,6,3.14,95.23,IL-2
216,K000379,Joseph,Kennedy,D,4,MA,1212.0,108.0,6,8.91,95.02,MA-4
217,K000389,Ro,Khanna,D,17,CA,1212.0,10.0,2,0.83,94.01,CA-17
218,K000390,Ruben,Kihuen,D,4,NV,1212.0,31.0,2,2.56,94.07,NV-4
219,K000380,Dan,Kildee,D,5,MI,1212.0,10.0,6,0.83,94.18,MI-5
220,K000381,Derek,Kilmer,D,6,WA,1212.0,2.0,6,0.17,93.88,WA-6
221,K000188,Ron,Kind,D,3,WI,1212.0,103.0,22,8.5,90.26,WI-3
222,K000362,Steve,King,R,4,IA,1212.0,19.0,16,1.57,95.39,IA-4
223,K000210,Peter,King,R,2,NY,1212.0,50.0,26,4.13,91.82,NY-2
224,K000378,Adam,Kinzinger,R,16,IL,1212.0,33.0,8,2.72,91.86,IL-16
225,K000387,Steve,Knight,R,25,CA,1212.0,29.0,4,2.39,93.32,CA-25
226,K000391,Raja,Krishnamoorthi,D,8,IL,1212.0,2.0,2,0.17,94.55,IL-8
227,K000382,Ann,Kuster,D,2,NH,1212.0,41.0,6,3.38,91.63,NH-2
228,K000392,David,Kustoff,R,8,TN,1212.0,27.0,2,2.23,97.97,TN-8
229,L000573,Raúl,Labrador,R,1,ID,1212.0,173.0,8,14.27,93.17,ID-1
230,L000585,Darin,LaHood,R,18,IL,1212.0,11.0,4,0.91,94.25,IL-18
231,L000578,Doug,LaMalfa,R,1,CA,1212.0,29.0,6,2.39,96.7,CA-1
232,L000588,Conor,Lamb,D,18,PA,362.0,2.0,2,0.55,85.28,PA-18
233,L000564,Doug,Lamborn,R,5,CO,1212.0,16.0,12,1.32,96.57,CO-5
234,L000567,Leonard,Lance,R,7,NJ,1212.0,2.0,10,0.17,86.2,NJ-7
235,L000559,Jim,Langevin,D,2,RI,1212.0,19.0,18,1.57,95.47,RI-2
236,L000560,Rick,Larsen,D,2,WA,1212.0,38.0,18,3.14,94.63,WA-2
237,L000557,John,Larson,D,1,CT,1212.0,62.0,20,5.12,94.61,CT-1
238,L000566,Robert,Latta,R,5,OH,1212.0,0.0,12,0.0,96.62,OH-5
239,L000581,Brenda,Lawrence,D,14,MI,1212.0,29.0,4,2.39,95.44,MI-14
240,L000586,Al,Lawson,D,5,FL,1212.0,76.0,2,6.27,91.73,FL-5
241,L000551,Barbara,Lee,D,13,CA,1212.0,23.0,22,1.9,92.94,CA-13
242,L000589,Debbie,Lesko,R,8,AZ,333.0,2.0,2,0.6,94.86,AZ-8
243,L000263,Sander,Levin,D,9,MI,1212.0,1.0,36,0.08,95.71,MI-9
244,L000587,Jason,Lewis,R,2,MN,1212.0,33.0,2,2.72,96.35,MN-2
245,L000287,John,Lewis,D,5,GA,1212.0,74.0,32,6.11,94.46,GA-5
246,L000582,Ted,Lieu,D,33,CA,1212.0,107.0,4,8.83,94.03,CA-33
247,L000563,Daniel,Lipinski,D,3,IL,1212.0,55.0,14,4.54,89.2,IL-3
248,L000554,Frank,LoBiondo,R,2,NJ,1212.0,10.0,24,0.83,84.11,NJ-2
249,L000565,Dave,Loebsack,D,2,IA,1212.0,25.0,12,2.06,91.58,IA-2
250,L000397,Zoe,Lofgren,D,19,CA,1212.0,37.0,24,3.05,93.36,CA-19
251,L000576,Billy,Long,R,7,MO,1212.0,114.0,8,9.41,97.36,MO-7
252,L000583,Barry,Loudermilk,R,11,GA,1212.0,83.0,4,6.85,96.55,GA-11
253,L000584,Mia,Love,R,4,UT,1212.0,78.0,4,6.44,95.5,UT-4
254,L000579,Alan,Lowenthal,D,47,CA,1212.0,95.0,6,7.84,94.09,CA-47
255,L000480,Nita,Lowey,D,17,NY,1212.0,14.0,30,1.16,95.49,NY-17
256,L000491,Frank,Lucas,R,3,OK,1212.0,8.0,26,0.66,97.01,OK-3
257,L000569,Blaine,Luetkemeyer,R,3,MO,1212.0,15.0,10,1.24,97.49,MO-3
258,L000570,Ben,Luján,D,3,NM,1212.0,3.0,10,0.25,94.71,NM-3
259,L000580,Michelle,Lujan Grisham,D,1,NM,1208.0,123.0,6,10.18,92.07,NM-1
260,L000562,Stephen,Lynch,D,8,MA,1212.0,45.0,18,3.71,93.06,MA-8
261,M001193,Tom,MacArthur,R,3,NJ,1212.0,13.0,4,1.07,89.99,NJ-3
262,M001185,Sean,Maloney,D,18,NY,1212.0,45.0,6,3.71,91.6,NY-18
263,M000087,Carolyn,Maloney,D,12,NY,1212.0,52.0,26,4.29,94.83,NY-12
264,M001158,Kenny,Marchant,R,24,TX,1212.0,78.0,14,6.44,96.12,TX-24
265,M001179,Tom,Marino,R,10,PA,1212.0,90.0,8,7.43,95.54,PA-10
266,M001198,Roger,Marshall,R,1,KS,1212.0,4.0,2,0.33,96.27,KS-1
267,M001184,Thomas,Massie,R,4,KY,1212.0,12.0,8,0.99,75.67,KY-4
268,M001199,Brian,Mast,R,18,FL,1212.0,11.0,2,0.91,90.17,FL-18
269,M001163,Doris,Matsui,D,6,CA,1212.0,16.0,14,1.32,94.9,CA-6
270,M001165,Kevin,McCarthy,R,23,CA,1212.0,18.0,12,1.49,97.91,CA-23
271,M001157,Michael,McCaul,R,10,TX,1212.0,25.0,14,2.06,97.73,TX-10
272,M001177,Tom,McClintock,R,4,CA,1212.0,10.0,10,0.83,93.26,CA-4
273,M001143,Betty,McCollum,D,4,MN,1212.0,16.0,18,1.32,93.9,MN-4
274,M001200,A.,McEachin,D,4,VA,1212.0,45.0,2,3.71,94.6,VA-4
275,M000312,Jim,McGovern,D,2,MA,1212.0,17.0,22,1.4,93.81,MA-2
276,M001156,Patrick,McHenry,R,10,NC,1212.0,28.0,14,2.31,97.97,NC-10
277,M001180,David,McKinley,R,1,WV,1212.0,4.0,8,0.33,91.06,WV-1
278,M001159,Cathy,McMorris Rodgers,R,5,WA,1212.0,3.0,14,0.25,97.6,WA-5
279,M001166,Jerry,McNerney,D,9,CA,1212.0,49.0,12,4.04,93.81,CA-9
280,M001197,Martha,McSally,R,2,AZ,1212.0,40.0,4,3.3,92.32,AZ-2
281,M001187,Mark,Meadows,R,11,NC,1212.0,33.0,6,2.72,95.84,NC-11
282,M001181,Pat,Meehan,R,7,PA,878.0,18.0,8,2.05,89.19,PA-7
283,M001137,Gregory,Meeks,D,5,NY,1212.0,70.0,22,5.78,93.61,NY-5
284,M001188,Grace,Meng,D,6,NY,1212.0,38.0,6,3.14,94.29,NY-6
285,M001189,Luke,Messer,R,6,IN,1212.0,119.0,6,9.82,96.52,IN-6
286,M001201,Paul,Mitchell,R,10,MI,1212.0,9.0,2,0.74,96.43,MI-10
287,M001194,John,Moolenaar,R,4,MI,1212.0,3.0,4,0.25,95.86,MI-4
288,M001195,Alex,Mooney,R,2,WV,1212.0,17.0,4,1.4,93.56,WV-2
289,M001160,Gwen,Moore,D,4,WI,1212.0,81.0,14,6.68,92.93,WI-4
290,M001206,Joe,Morelle,D,25,NY,84.0,1.0,2,1.19,98.8,NY-25
291,M001196,Seth,Moulton,D,6,MA,1212.0,32.0,4,2.64,93.14,MA-6
292,M001190,Markwayne,Mullin,R,2,OK,1212.0,14.0,6,1.16,97.25,OK-2
293,M001182,Mick,Mulvaney,R,5,SC,97.0,91.0,8,93.81,66.67,SC-5
294,M001202,Stephanie,Murphy,D,7,FL,1212.0,30.0,2,2.48,85.7,FL-7
295,M001151,Tim,Murphy,R,18,PA,570.0,9.0,16,1.58,91.8,PA-18
296,N000002,Jerrold,Nadler,D,10,NY,1212.0,26.0,28,2.15,93.25,NY-10
297,N000179,Grace,Napolitano,D,32,CA,1212.0,215.0,20,17.74,93.38,CA-32
298,N000015,Richard,Neal,D,1,MA,1212.0,40.0,30,3.3,95.9,MA-1
299,N000189,Dan,Newhouse,R,4,WA,1212.0,72.0,4,5.94,96.4,WA-4
300,N000184,Kristi,Noem,R,At-Large,SD,1212.0,179.0,8,14.77,95.93,SD-At-Large
301,N000127,Rick,Nolan,D,8,MN,1212.0,113.0,6,9.32,92.9,MN-8
302,N000188,Donald,Norcross,D,1,NJ,1212.0,17.0,6,1.4,93.72,NJ-1
303,N000190,Ralph,Norman,R,5,SC,887.0,24.0,2,2.71,94.67,SC-5
304,N000147,Eleanor,Norton,D,At-Large,DC,0.0,,28,,,DC-At-Large
305,N000181,Devin,Nunes,R,22,CA,1212.0,27.0,16,2.23,97.13,CA-22
306,O000171,Tom,O'Halleran,D,1,AZ,1212.0,13.0,2,1.07,86.16,AZ-1
307,O000170,Beto,O'Rourke,D,16,TX,1212.0,50.0,6,4.13,92.0,TX-16
308,O000168,Pete,Olson,R,22,TX,1212.0,44.0,10,3.63,98.54,TX-22
309,P000601,Steven,Palazzo,R,4,MS,1212.0,70.0,8,5.78,95.8,MS-4
310,P000034,Frank,Pallone,D,6,NJ,1212.0,1.0,32,0.08,94.3,NJ-6
311,P000609,Gary,Palmer,R,6,AL,1212.0,16.0,4,1.32,94.9,AL-6
312,P000613,Jimmy,Panetta,D,20,CA,1212.0,3.0,2,0.25,93.13,CA-20
313,P000096,Bill,Pascrell,D,9,NJ,1212.0,32.0,22,2.64,95.0,NJ-9
314,P000594,Erik,Paulsen,R,3,MN,1212.0,14.0,10,1.16,90.82,MN-3
315,P000604,Donald,Payne,D,10,NJ,1212.0,99.0,8,8.17,94.7,NJ-10
316,P000588,Steve,Pearce,R,2,NM,1212.0,82.0,8,6.77,92.65,NM-2
317,P000197,Nancy,Pelosi,D,12,CA,1212.0,128.0,30,10.56,94.83,CA-12
318,P000593,Ed,Perlmutter,D,7,CO,1212.0,56.0,12,4.62,92.65,CO-7
319,P000605,Scott,Perry,R,4,PA,1212.0,21.0,6,1.73,90.76,PA-4
320,P000608,Scott,Peters,D,52,CA,1212.0,21.0,6,1.73,87.83,CA-52
321,P000258,Collin,Peterson,D,7,MN,1212.0,57.0,28,4.7,75.24,MN-7
322,P000597,Chellie,Pingree,D,1,ME,1212.0,41.0,10,3.38,94.88,ME-1
323,P000606,Robert,Pittenger,R,9,NC,1212.0,92.0,6,7.59,94.82,NC-9
324,P000610,Stacey,Plaskett,D,At-Large,VI,0.0,,4,,,VI-At-Large
325,P000607,Mark,Pocan,D,2,WI,1212.0,137.0,6,11.3,93.49,WI-2
326,P000592,Ted,Poe,R,2,TX,1212.0,111.0,14,9.16,91.73,TX-2
327,P000611,Bruce,Poliquin,R,2,ME,1212.0,13.0,4,1.07,92.16,ME-2
328,P000598,Jared,Polis,D,2,CO,1212.0,175.0,10,14.44,90.45,CO-2
329,P000602,Mike,Pompeo,R,4,KS,61.0,59.0,8,96.72,0.0,KS-4
330,P000599,Bill,Posey,R,8,FL,1212.0,111.0,10,9.16,95.0,FL-8
331,P000591,Tom,Price,R,6,GA,85.0,82.0,14,96.47,33.33,GA-6
332,P000523,David,Price,D,4,NC,1212.0,26.0,30,2.15,96.12,NC-4
333,Q000023,Mike,Quigley,D,5,IL,1212.0,42.0,10,3.47,95.64,IL-5
334,R000600,Amata,Radewagen,R,At-Large,AS,0.0,,4,,,AS-At-Large
335,R000606,Jamie,Raskin,D,8,MD,1212.0,10.0,2,0.83,94.43,MD-8
336,R000601,John,Ratcliffe,R,4,TX,1212.0,81.0,4,6.68,94.16,TX-4
337,R000585,Tom,Reed,R,23,NY,1212.0,23.0,10,1.9,91.17,NY-23
338,R000578,Dave,Reichert,R,8,WA,1212.0,39.0,14,3.22,91.22,WA-8
339,R000586,Jim,Renacci,R,16,OH,1212.0,150.0,8,12.38,93.6,OH-16
340,R000597,Tom,Rice,R,7,SC,1212.0,23.0,6,1.9,94.37,SC-7
341,R000602,Kathleen,Rice,D,4,NY,1212.0,68.0,4,5.61,92.66,NY-4
342,R000588,Cedric,Richmond,D,2,LA,1212.0,138.0,8,11.39,93.3,LA-2
343,R000591,Martha,Roby,R,2,AL,1212.0,37.0,8,3.05,97.19,AL-2
344,R000582,Phil,Roe,R,1,TN,1212.0,7.0,10,0.58,96.93,TN-1
345,R000395,Harold,Rogers,R,5,KY,1212.0,82.0,38,6.77,96.73,KY-5
346,R000575,Mike,Rogers,R,3,AL,1212.0,19.0,18,1.57,93.63,AL-3
347,R000409,Dana,Rohrabacher,R,48,CA,1212.0,112.0,30,9.24,91.82,CA-48
348,R000592,Todd,Rokita,R,4,IN,1212.0,42.0,8,3.47,93.68,IN-4
349,R000607,Francis,Rooney,R,19,FL,1212.0,122.0,2,10.07,96.61,FL-19
350,R000583,Tom,Rooney,R,17,FL,1212.0,176.0,10,14.52,95.75,FL-17
351,R000435,Ileana,Ros-Lehtinen,R,27,FL,1212.0,156.0,30,12.87,85.23,FL-27
352,R000608,Jacky,Rosen,D,3,NV,1212.0,96.0,2,7.92,88.89,NV-3
353,R000580,Peter,Roskam,R,6,IL,1212.0,80.0,12,6.6,92.93,IL-6
354,R000593,Dennis,Ross,R,15,FL,1212.0,177.0,8,14.6,98.26,FL-15
355,R000598,Keith,Rothfus,R,12,PA,1212.0,4.0,6,0.33,96.27,PA-12
356,R000603,David,Rouzer,R,7,NC,1212.0,21.0,4,1.73,94.54,NC-7
357,R000486,Lucille,Roybal-Allard,D,40,CA,1212.0,32.0,26,2.64,95.68,CA-40
358,R000487,Edward,Royce,R,39,CA,1212.0,22.0,26,1.82,96.89,CA-39
359,R000599,Raul,Ruiz,D,36,CA,1212.0,5.0,6,0.41,91.96,CA-36
360,R000576,C.A. Dutch,Ruppersberger,D,2,MD,1212.0,24.0,16,1.98,91.92,MD-2
361,R000515,Bobby,Rush,D,1,IL,1212.0,267.0,26,22.03,93.86,IL-1
362,R000604,Steve,Russell,R,5,OK,1212.0,68.0,4,5.61,95.45,OK-5
363,R000609,John,Rutherford,R,4,FL,1212.0,67.0,2,5.53,95.9,FL-4
364,R000577,Tim,Ryan,D,13,OH,1212.0,80.0,16,6.6,94.52,OH-13
365,R000570,Paul,Ryan,R,1,WI,1212.0,1182.0,20,97.52,86.67,WI-1
366,S001177,Gregorio,Sablan,D,At-Large,MP,0.0,,10,,,MP-At-Large
367,S001156,Linda,Sánchez,D,38,CA,1212.0,31.0,16,2.56,95.68,CA-38
368,S000051,Mark,Sanford,R,1,SC,1212.0,40.0,6,3.3,83.19,SC-1
369,S001168,John,Sarbanes,D,3,MD,1212.0,11.0,12,0.91,95.34,MD-3
370,S001176,Steve,Scalise,R,1,LA,1212.0,353.0,12,29.13,98.72,LA-1
371,S001205,Mary,Scanlon,D,7,PA,84.0,1.0,2,1.19,97.59,PA-7
372,S001145,Jan,Schakowsky,D,9,IL,1212.0,11.0,20,0.91,93.59,IL-9
373,S001150,Adam,Schiff,D,28,CA,1212.0,6.0,18,0.5,95.69,CA-28
374,S001190,Brad,Schneider,D,10,IL,1212.0,12.0,2,0.99,87.08,IL-10
375,S001180,Kurt,Schrader,D,5,OR,1189.0,22.0,10,1.85,87.4,OR-5
376,S001183,David,Schweikert,R,6,AZ,1212.0,8.0,8,0.66,95.6,AZ-6
377,S001189,Austin,Scott,R,8,GA,1212.0,24.0,8,1.98,96.8,GA-8
378,S001157,David,Scott,D,13,GA,1212.0,92.0,16,7.59,91.7,GA-13
379,S000185,Robert,Scott,D,3,VA,1212.0,12.0,26,0.99,93.75,VA-3
380,S000244,F.,Sensenbrenner,R,5,WI,1212.0,22.0,40,1.82,93.53,WI-5
381,S000248,José,Serrano,D,15,NY,1212.0,6.0,30,0.5,94.44,NY-15
382,S000250,Pete,Sessions,R,32,TX,1212.0,16.0,22,1.32,98.41,TX-32
383,S001185,Terri,Sewell,D,7,AL,1212.0,63.0,8,5.2,93.65,AL-7
384,S001170,Carol,Shea-Porter,D,1,NH,1212.0,120.0,8,9.9,92.31,NH-1
385,S000344,Brad,Sherman,D,30,CA,1212.0,16.0,22,1.32,92.81,CA-30
386,S000364,John,Shimkus,R,15,IL,1212.0,14.0,22,1.16,96.24,IL-15
387,S001154,Bill,Shuster,R,9,PA,1212.0,146.0,18,12.05,95.97,PA-9
388,S001148,Mike,Simpson,R,2,ID,1212.0,70.0,20,5.78,95.45,ID-2
389,S001191,Kyrsten,Sinema,D,9,AZ,1212.0,122.0,6,10.07,77.71,AZ-9
390,S001165,Albio,Sires,D,8,NJ,1212.0,58.0,14,4.79,95.06,NJ-8
391,S000480,Louise,Slaughter,D,25,NY,826.0,112.0,32,13.56,94.68,NY-25
392,S000522,Christopher,Smith,R,4,NJ,1212.0,9.0,38,0.74,87.86,NJ-4
393,S001172,Adrian,Smith,R,3,NE,1212.0,36.0,12,2.97,97.19,NE-3
394,S000510,Adam,Smith,D,9,WA,1212.0,31.0,22,2.56,93.06,WA-9
395,S001195,Jason,Smith,R,8,MO,1212.0,27.0,6,2.23,95.19,MO-8
396,S000583,Lamar,Smith,R,21,TX,1212.0,81.0,32,6.68,98.23,TX-21
397,S001199,Lloyd,Smucker,R,16,PA,1212.0,15.0,2,1.24,96.16,PA-16
398,S001200,Darren,Soto,D,9,FL,1212.0,5.0,2,0.41,94.86,FL-9
399,S001175,Jackie,Speier,D,14,CA,1212.0,178.0,12,14.69,93.62,CA-14
400,S001196,Elise,Stefanik,R,21,NY,1212.0,6.0,4,0.5,90.8,NY-21
401,S001192,Chris,Stewart,R,2,UT,1212.0,26.0,6,2.15,97.13,UT-2
402,S001187,Steve,Stivers,R,15,OH,1212.0,76.0,8,6.27,92.43,OH-15
403,S001201,Thomas,Suozzi,D,3,NY,1212.0,37.0,2,3.05,88.6,NY-3
404,S001193,Eric,Swalwell,D,15,CA,1212.0,78.0,6,6.44,93.83,CA-15
405,T000472,Mark,Takano,D,41,CA,1212.0,23.0,6,1.9,93.69,CA-41
406,T000477,Scott,Taylor,R,2,VA,1212.0,72.0,2,5.94,95.96,VA-2
407,T000478,Claudia,Tenney,R,22,NY,1212.0,7.0,2,0.58,93.11,NY-22
408,T000193,Bennie,Thompson,D,2,MS,1212.0,114.0,26,9.41,94.44,MS-2
409,T000467,Glenn,Thompson,R,5,PA,1212.0,10.0,10,0.83,92.76,PA-5
410,T000460,Mike,Thompson,D,5,CA,1212.0,25.0,20,2.06,93.51,CA-5
411,T000238,William,Thornberry,R,13,TX,1212.0,26.0,24,2.15,97.55,TX-13
412,T000462,Pat,Tiberi,R,12,OH,729.0,88.0,18,12.07,94.54,OH-12
413,T000470,Scott,Tipton,R,3,CO,1212.0,21.0,8,1.73,92.78,CO-3
414,T000468,Dina,Titus,D,1,NV,1212.0,94.0,6,7.76,93.56,NV-1
415,T000469,Paul,Tonko,D,20,NY,1212.0,10.0,10,0.83,93.76,NY-20
416,T000474,Norma,Torres,D,35,CA,1212.0,25.0,4,2.06,94.52,CA-35
417,T000475,Dave,Trott,R,11,MI,1212.0,108.0,4,8.91,96.74,MI-11
418,T000465,Niki,Tsongas,D,3,MA,1212.0,154.0,12,12.71,94.71,MA-3
419,T000463,Michael,Turner,R,10,OH,1212.0,34.0,16,2.81,92.28,OH-10
420,U000031,Fred,Upton,R,6,MI,1212.0,30.0,32,2.48,90.19,MI-6
421,V000129,David,Valadao,R,21,CA,1212.0,24.0,6,1.98,92.59,CA-21
422,V000130,Juan,Vargas,D,51,CA,1212.0,43.0,6,3.55,94.35,CA-51
423,V000131,Marc,Veasey,D,33,TX,1212.0,10.0,6,0.83,93.18,TX-33
424,V000132,Filemon,Vela,D,34,TX,1212.0,72.0,6,5.94,89.65,TX-34
425,V000081,Nydia,Velázquez,D,7,NY,1212.0,35.0,26,2.89,94.05,NY-7
426,V000108,Peter,Visclosky,D,1,IN,1212.0,51.0,34,4.21,94.57,IN-1
427,W000812,Ann,Wagner,R,2,MO,1212.0,46.0,6,3.8,97.94,MO-2
428,W000798,Tim,Walberg,R,7,MI,1212.0,2.0,8,0.17,94.79,MI-7
429,W000791,Greg,Walden,R,2,OR,1212.0,7.0,20,0.58,95.02,OR-2
430,W000819,Mark,Walker,R,6,NC,1212.0,33.0,4,2.72,96.27,NC-6
431,W000813,Jackie,Walorski,R,2,IN,1212.0,9.0,6,0.74,97.92,IN-2
432,W000820,Mimi,Walters,R,45,CA,1212.0,83.0,4,6.85,98.23,CA-45
433,W000799,Tim,Walz,D,1,MN,1212.0,395.0,12,32.59,92.66,MN-1
434,W000797,Debbie,Wasserman Schultz,D,23,FL,1212.0,76.0,14,6.27,94.1,FL-23
435,W000187,Maxine,Waters,D,43,CA,1212.0,54.0,28,4.46,93.7,CA-43
436,W000822,Bonnie,Watson Coleman,D,12,NJ,1212.0,19.0,4,1.57,93.29,NJ-12
437,W000814,Randy,Weber,R,14,TX,1212.0,22.0,6,1.82,94.45,TX-14
438,W000806,Daniel,Webster,R,11,FL,1212.0,126.0,8,10.4,96.59,FL-11
439,W000800,Peter,Welch,D,At-Large,VT,1212.0,26.0,12,2.15,93.84,VT-At-Large
440,W000815,Brad,Wenstrup,R,2,OH,1212.0,19.0,6,1.57,96.14,OH-2
441,W000821,Bruce,Westerman,R,4,AR,1212.0,7.0,4,0.58,97.34,AR-4
442,W000826,Susan,Wild,D,15,PA,79.0,10.0,2,12.66,98.55,PA-15
443,W000816,Roger,Williams,R,25,TX,1212.0,16.0,6,1.32,96.74,TX-25
444,W000808,Frederica,Wilson,D,24,FL,1212.0,182.0,8,15.02,95.24,FL-24
445,W000795,Joe,Wilson,R,2,SC,1212.0,15.0,18,1.24,97.66,SC-2
446,W000804,Robert,Wittman,R,1,VA,1212.0,15.0,12,1.24,94.9,VA-1
447,W000809,Steve,Womack,R,3,AR,1212.0,0.0,8,0.0,97.85,AR-3
448,W000810,Rob,Woodall,R,7,GA,1212.0,17.0,8,1.4,93.64,GA-7
449,Y000062,John,Yarmuth,D,3,KY,1212.0,41.0,12,3.38,94.62,KY-3
450,Y000063,Kevin,Yoder,R,3,KS,1212.0,18.0,8,1.49,94.05,KS-3
451,Y000065,Ted,Yoho,R,3,FL,1212.0,47.0,6,3.88,94.16,FL-3
452,Y000066,David,Young,R,3,IA,1212.0,0.0,4,0.0,96.37,IA-3
453,Y000033,Don,Young,R,At-Large,AK,1212.0,44.0,46,3.63,90.5,AK-At-Large
454,Z000017,Lee,Zeldin,R,1,NY,1212.0,35.0,4,2.89,93.54,NY-1
455,Z000018,Ryan,Zinke,R,At-Large,MT,108.0,89.0,4,82.41,89.47,MT-At-Large
